model,nll,n_actions
eflop,1055.29605694,299
tree,1521.71263288,299
hsp2,1805.2302221,299
