model,nll,n_actions
eflop,1229.14050528,317
tree,1703.27263033,317
hsp2,1935.4842447,317
