model,nll,n_actions
eflop,1476.40725323,421
tree,2065.06512156,421
hsp2,2905.2253015,421
