model,nll,n_actions
eflop,395.407554928,187
tree,699.762314405,187
hsp2,1034.9024699,187
