model,nll,n_actions
hsp2,454.0898557,60
eflop,703.484123974,60
tree,1028.21364455,60
