model,nll,n_actions
hsp2,1805.2302221,299
eflop,2223.34915892,299
tree,3831.59590785,299
