model,nll,n_actions
hsp2,1935.4842447,317
eflop,2696.84632216,317
tree,4280.68582753,317
