model,nll,n_actions
hsp2,2905.2253015,421
eflop,2993.4718639,421
tree,5249.42278387,421
