model,nll,n_actions
eflop,711.439253345,187
hsp2,1034.9024699,187
tree,1685.35557311,187
