model,nll,n_actions
eflop,239.241499547,40
hsp2,336.7962318,40
tree,550.534893921,40
