parameter,correlation,mae,bias_mean_hat_minus_true,rmse,min_error,max_error
pruning_thresh,0.9597921828679614,0.13869234806409592,0.1343495977973497,0.22505094903728412,-0.05862712860107422,0.8002845704555512
gamma,0.11370162711193794,0.13194560472887973,0.11328645538124767,0.1986033195575267,-0.0958159792423249,0.4299951171875
lapse_rate,0.8934824995848265,0.0403692222993683,0.013044676132224198,0.06371267023413882,-0.1095271275937558,0.1944398951530456
