group,n_steps,mean_gap_successor_best_score,mean_gap_next_repair,mean_gap_next_opportunity,mean_gap_next_region_preserve,mean_gap_next_color_preserve
all_visible_steps,102,0.6584967320261437,0.32924836601307184,0.0,0.9901960784313726,-0.12767079053843758
wrong_only,101,0.6650165016501649,0.33250825082508245,0.0,1.0,-0.1289348577714914
round_13,2,0.25,0.125,0.0,0.5,-0.09851190476190477
round_34,100,0.6666666666666665,0.33333333333333326,0.0,1.0,-0.12825396825396823
