repair_weight,opportunity_weight,selected_region_step0,selected_new_color_step0,selected_is_correct_step0,correct_score_step0,selected_score_step0,correct_h_step0,selected_h_step0,score_gap_step0_selected_minus_correct,solved,n_action_steps,final_status,final_conflicts_proxy
1.0,1.0,20,1,False,"(0.0, 0.5, -0.0)","(0.0, 0.6666666666666666, -0.0)",1.25,1.25,0.16666666666666663,False,100,action,3
1.0,0.5,20,1,False,"(0.0, 0.25, -0.0)","(0.0, 0.41666666666666663, -0.0)",0.75,0.75,0.16666666666666663,False,100,action,3
1.0,0.25,20,1,False,"(0.0, 0.16666666666666666, -0.0)","(0.0, 0.29166666666666663, -0.0)",0.5,0.5,0.12499999999999997,False,100,action,3
0.5,1.0,20,1,False,"(0.0, 0.5, -0.0)","(0.0, 0.5833333333333334, -0.0)",1.125,1.125,0.08333333333333337,False,100,action,3
0.5,0.5,20,1,False,"(0.0, 0.25, -0.0)","(0.0, 0.3333333333333333, -0.0)",0.625,0.625,0.08333333333333331,False,100,action,3
0.5,0.25,20,1,False,"(0.0, 0.125, -0.0)","(0.0, 0.20833333333333331, -0.0)",0.375,0.375,0.08333333333333331,False,100,action,3
0.25,1.0,20,1,False,"(0.0, 0.5, -0.0)","(0.0, 0.5416666666666666, -0.0)",1.0625,1.0625,0.04166666666666663,False,100,action,3
0.25,0.5,20,1,False,"(0.0, 0.25, -0.0)","(0.0, 0.2916666666666667, -0.0)",0.5625,0.5625,0.041666666666666685,False,100,action,3
0.25,0.25,20,1,False,"(0.0, 0.125, -0.0)","(0.0, 0.16666666666666666, -0.0)",0.3125,0.3125,0.04166666666666666,False,100,action,3
