feature,weight,n_rows,mean_gap_selected_minus_correct,mean_abs_gap,mean_weighted_gap,selected_gt_correct_rate,correct_gt_selected_rate,equal_rate
conflict_count,-1.25,102,-0.06862745098039216,0.06862745098039216,0.0857843137254902,0.0,0.049019607843137254,0.9509803921568627
normalized_nonconflict_access,0.75,102,0.059694989106753804,0.06405228758169934,0.044771241830065346,0.9215686274509803,0.0392156862745098,0.0392156862745098
conflict_region_count,-0.5,102,-0.0392156862745098,0.0392156862745098,0.0196078431372549,0.0,0.0392156862745098,0.9607843137254902
best_conflict_reduction_norm,0.75,102,-0.0056022408963585435,0.0056022408963585435,-0.0042016806722689065,0.0,0.0392156862745098,0.9607843137254902
normalized_depth0_regions,0.25,102,-0.0056022408963585435,0.0056022408963585435,-0.0014005602240896359,0.0,0.0392156862745098,0.9607843137254902
conflict_legal_option_norm,0.75,102,-0.0014005602240896359,0.0014005602240896359,-0.001050420168067227,0.0,0.0392156862745098,0.9607843137254902
first_depth,-0.1,102,0.00980392156862745,0.00980392156862745,-0.000980392156862745,0.00980392156862745,0.0,0.9901960784313726
one_step_solve_available,2.5,102,0.0,0.0,0.0,0.0,0.0,1.0
solve_action_count_norm,1.0,102,0.0,0.0,0.0,0.0,0.0,1.0
