scope,n_rows,mean_state_value_gap,mean_gap_conflict_count,mean_weighted_gap_conflict_count,mean_gap_conflict_region_count,mean_weighted_gap_conflict_region_count,mean_gap_first_depth,mean_weighted_gap_first_depth,mean_gap_normalized_depth0_regions,mean_weighted_gap_normalized_depth0_regions,mean_gap_normalized_nonconflict_access,mean_weighted_gap_normalized_nonconflict_access,mean_gap_conflict_legal_option_norm,mean_weighted_gap_conflict_legal_option_norm,mean_gap_best_conflict_reduction_norm,mean_weighted_gap_best_conflict_reduction_norm,mean_gap_one_step_solve_available,mean_weighted_gap_one_step_solve_available,mean_gap_solve_action_count_norm,mean_weighted_gap_solve_action_count_norm
all,102,0.14253034547152216,-0.06862745098039216,0.0857843137254902,-0.0392156862745098,0.0196078431372549,0.00980392156862745,-0.000980392156862745,-0.0056022408963585435,-0.0014005602240896359,0.059694989106753804,0.044771241830065346,-0.0014005602240896359,-0.001050420168067227,-0.0056022408963585435,-0.0042016806722689065,0.0,0.0,0.0,0.0
round_3,1,1.5479166666666666,-1.0,1.25,-1.0,0.5,0.0,0.0,-0.09999999999999998,-0.024999999999999994,-0.044444444444444446,-0.03333333333333333,-0.024999999999999994,-0.018749999999999996,-0.16666666666666669,-0.125,0.0,0.0,0.0,0.0
round_13,98,0.06462585034013629,-0.01020408163265306,0.012755102040816327,-0.01020408163265306,0.00510204081632653,0.01020408163265306,-0.0010204081632653062,0.0,0.0,0.06371882086167799,0.0477891156462585,0.0,0.0,0.0,0.0,0.0,0.0,0.0,0.0
round_41,1,1.015625,-1.0,1.25,0.0,0.0,0.0,0.0,-0.25,-0.0625,0.0,0.0,-0.0625,-0.046875,-0.16666666666666663,-0.12499999999999997,0.0,0.0,0.0,0.0
round_77,2,2.8206101190476187,-2.0,2.5,-1.0,0.5,0.0,0.0,-0.11071428571428574,-0.027678571428571434,-0.05555555555555555,-0.041666666666666664,-0.027678571428571434,-0.020758928571428574,-0.11904761904761901,-0.08928571428571426,0.0,0.0,0.0,0.0
