pruning_thresh,gamma,lapse_rate,nll,n_actions,eval_count
2.7119140625,0.09157714843749999,0.12015867919921874,167.619105,236,51
