pruning_thresh,gamma,lapse_rate,nll,n_actions,eval_count
2.7760327148437502,0.19736328125,0.10658115234374999,1429.8685785756547,1554,101
