pruning_thresh,gamma,lapse_rate,nll,n_actions,eval_count
2.9278879165649414,0.21735687255859376,0.12987698135375975,1762.7166670866739,1565,101
