pruning_thresh,gamma,lapse_rate,nll,n_actions,eval_count
1.14308349609375,0.20732421875,0.12763271484375,1708.4666754348702,1568,101
