pruning_thresh,gamma,lapse_rate,nll,n_actions,eval_count
1.63525390625,0.151513671875,0.26631353759765625,1620.5716877099928,1535,101
