pruning_thresh,gamma,lapse_rate,nll,n_actions,eval_count
0.004999999999999893,0.04999999999999999,0.10000253906249999,1643.2590735952924,1399,101
