pruning_thresh,gamma,lapse_rate,nll,n_actions,eval_count
1.223331756591797,0.14925537109375,0.17839768066406247,1601.1972349621315,1565,101
