pruning_thresh,gamma,lapse_rate,nll,n_actions,eval_count
2.99267578125,0.1759765625,0.063966357421875,1535.0832581177483,1491,101
