pruning_thresh,gamma,lapse_rate,nll,n_actions,eval_count
3.3839990234375,0.1974609375,0.132237744140625,1554.0650833219936,1474,101
