pruning_thresh,gamma,lapse_rate,nll,n_actions,eval_count
0.17317626953124998,0.10781249999999999,0.08231337890625,1526.0365828009835,1556,101
