pruning_thresh,gamma,lapse_rate,nll,n_actions,eval_count
1.658447265625,0.07568359374999999,0.243197021484375,1651.664040862489,1535,101
