pruning_thresh,gamma,lapse_rate,nll,n_actions,eval_count
1.929443359375,0.20947265625,0.118934326171875,1536.6110936713844,1474,101
