pruning_thresh,gamma,lapse_rate,nll,n_actions,eval_count
3.5789756774902344,0.21209869384765626,0.16117336349487305,1755.5742259448305,1549,101
