pruning_thresh,gamma,lapse_rate,nll,n_actions,eval_count
2.01120662689209,0.14685173034667967,0.29619083518981937,1468.413143799619,1474,101
