pruning_thresh,gamma,lapse_rate,nll,n_actions,eval_count
4.27290283203125,0.1484375,0.07229926757812499,1384.6631169611571,1569,101
