pruning_thresh,gamma,lapse_rate,nll,n_actions,eval_count
4.8062451171875,0.1537109375,0.2660759765625,1620.3682175093236,1535,101
