pruning_thresh,gamma,lapse_rate,nll,n_actions,eval_count
0.1234545898437498,0.231396484375,0.015321166992187496,1351.3931767131783,1497,101
