pruning_thresh,gamma,lapse_rate,nll,n_actions,eval_count
2.119873046875,0.23818359375,0.056437499999999995,1344.627727389438,1502,101
