pruning_thresh,gamma,lapse_rate,nll,n_actions,eval_count
4.4199560546875,0.1759765625,0.063966357421875,1535.0832581177483,1491,101
