pruning_thresh,gamma,lapse_rate,nll,n_actions,eval_count
3.853271484375,0.31757812500000004,0.292609716796875,1710.22871127989,1549,101
