pruning_thresh,gamma,lapse_rate,nll,n_actions,eval_count
2.9920654296875,0.189215087890625,0.06381102905273436,1538.6814951196052,1491,101
