pruning_thresh,gamma,lapse_rate,nll,n_actions,eval_count
1.4741434723138809,0.2717051267623901,0.14859881461858748,1797.0966694621175,1549,101
