pruning_thresh,gamma,lapse_rate,nll,n_actions,eval_count
2.82177734375,0.2174072265625,0.14333001708984375,1719.1705699144081,1565,101
