pruning_thresh,gamma,lapse_rate,nll,n_actions,eval_count
0.0006127929687498312,0.44189453125,0.12500126953125,1596.670259201543,1464,101
