pruning_thresh,gamma,lapse_rate,nll,n_actions,eval_count
0.08323852539062493,0.028247070312499983,0.103730419921875,1489.114151390135,1504,101
