pruning_thresh,gamma,lapse_rate,nll,n_actions,eval_count
2.256591796875,0.15712890625,0.0031507324218749966,2.5,4,51
