pruning_thresh,gamma,lapse_rate,nll,n_actions,eval_count
1.1591796875,0.173046875,0.10460756835937499,1652.1677178942655,1568,101
