pruning_thresh,gamma,lapse_rate,nll,n_actions,eval_count
0.005891151428222496,0.47076416015625,0.16552712631225586,1737.3157007847167,1523,101
