pruning_thresh,gamma,lapse_rate,nll,n_actions,eval_count
3.41253173828125,0.23818359375,0.0540984375,1341.141359364084,1502,101
