pruning_thresh,gamma,lapse_rate,nll,n_actions,eval_count
0.17317626953124998,0.1578125,0.08231337890625,1359.1813311879328,1418,101
