pruning_thresh,gamma,lapse_rate,nll,n_actions,eval_count
0.004999999999999893,0.2,0.0002999999999999947,1410.9769343767316,1522,101
