pruning_thresh,gamma,lapse_rate,nll,n_actions,eval_count
0.1574554443359375,0.22033233642578126,0.06251129608154296,1540.9179720106654,1491,101
