group,n_steps,selected_is_correct_rate,mean_heuristic_gap_selected_minus_correct,mean_score_gap_selected_minus_correct,mean_diff_repair,mean_diff_opportunity,mean_diff_spatial,mean_diff_neighbor,mean_diff_color,mean_diff_region_preserve,mean_diff_color_preserve,mean_diff_direct_conflict_reduction,mean_diff_environment_region,mean_diff_delta_legal_conflict_colors_norm,mean_diff_delta_same_color_blockers_removed_norm,mean_diff_local_nonneighbor_color_match_norm
all_visible_steps,102,0.00980392156862745,-0.004901960784313725,0.32924836601307184,-0.0024509803921568627,0.0,-0.9803921568627451,-1.9411764705882353,-0.03732251521298171,-0.00980392156862745,-0.007404858495122164,-0.00980392156862745,0.00980392156862745,0.00035014005602240897,-0.0024509803921568627,-0.03732251521298171
round_13,2,0.5,-0.25,0.125,-0.125,0.0,-0.5,0.5,-0.029885057471264367,-0.5,0.09074302134646964,-0.5,0.5,0.017857142857142856,-0.125,-0.029885057471264367
round_34,100,0.0,0.0,0.33333333333333326,0.0,0.0,-0.99,-1.99,-0.03747126436781606,0.0,-0.009367816091954001,0.0,0.0,0.0,0.0,-0.03747126436781606
