parameter,correlation,mae
pruning_thresh,0.8660254037844385,0.16666666666666666
gamma,0.38525706426470985,0.05370370370370371
lapse_rate,0.9779154775943992,0.007407407407407408
