,error_pruning_thresh,error_gamma,error_lapse_rate
error_pruning_thresh,1.0,-0.23080703932272445,-0.05555555555555554
error_gamma,-0.23080703932272445,1.0,0.20365326999063926
error_lapse_rate,-0.05555555555555554,0.20365326999063926,1.0
