parameter,correlation,mae
pruning_thresh,0.8660254037844386,0.16666666666666666
gamma,0.3968730295831377,0.051234567901234575
lapse_rate,0.9258200997725509,0.014814814814814817
