parameter,correlation,mae
region_preserve,0.8809615737707527,0.15
color_preserve,0.8881973577293722,0.2375
