parameter,correlation,mae
region_preserve,0.16568337391590235,0.675
color_preserve,0.9171705835652282,0.1875
